name,ingredients,cuisine,time
Tomato Curry,tomato onion butter garlic,Indian,30
Pasta Alfredo,pasta cream cheese garlic,Italian,25
Chicken Tacos,chicken tortilla onion cilantro lime,Mexican,30
Beef Fried Rice,rice beef egg soy onion carrot,Chinese,20
Pad Thai,noodles shrimp egg peanut bean-sprout lime,Thai,25
Margherita Pizza,dough tomato mozzarella basil,Italian,35
Butter Chicken,chicken tomato cream butter garlic ginger,Indian,45
Spring Rolls,cabbage carrot shrimp wrapper ginger soy,Chinese,30
Guacamole,avocado lime onion cilantro tomato,Mexican,10
French Toast,bread egg milk butter cinnamon,American,15
Paneer Tikka,paneer yogurt pepper cumin turmeric,Indian,40
Beef Burrito,beef tortilla rice bean cheese salsa,Mexican,30
Tom Yum Soup,shrimp lemongrass mushroom lime chili,Thai,25
Spaghetti Bolognese,pasta beef tomato onion garlic oregano,Italian,45
Chicken Stir Fry,chicken broccoli carrot soy garlic ginger,Chinese,20
Caesar Salad,lettuce parmesan crouton anchovy lemon,American,15
Dal Tadka,lentil onion tomato cumin mustard ghee,Indian,35
Fish Tacos,fish tortilla cabbage lime sour-cream,Mexican,25
Pad See Ew,noodles chicken egg broccoli soy oyster,Thai,20
Mushroom Risotto,rice mushroom onion parmesan wine butter,Italian,40
Samosa,potato pea pastry cumin coriander,Indian,45
Kung Pao Chicken,chicken peanut pepper soy garlic ginger,Chinese,25
Enchiladas,tortilla chicken cheese salsa onion,Mexican,40
Green Curry,chicken coconut pepper basil eggplant,Thai,30
Pancakes,flour egg milk butter maple,American,20
Chana Masala,chickpea tomato onion garlic ginger cumin,Indian,40
Mapo Tofu,tofu pork bean-paste soy pepper garlic,Chinese,25
Beef Nachos,chip beef cheese jalapeno salsa sour-cream,Mexican,20
Mango Sticky Rice,rice mango coconut sugar,Thai,30
Tiramisu,mascarpone egg coffee ladyfinger sugar,Italian,30
Aloo Gobi,potato cauliflower tomato onion turmeric,Indian,35
Peking Duck,duck hoisin pancake cucumber scallion,Chinese,90
Chicken Quesadilla,chicken tortilla cheese pepper onion,Mexican,20
Tom Kha Gai,chicken coconut lemongrass mushroom lime,Thai,25
Penne Arrabbiata,pasta tomato chili garlic olive-oil,Italian,25
Biryani,rice chicken onion saffron yogurt spice,Indian,60
Dim Sum,pork shrimp wrapper ginger soy scallion,Chinese,45
Tamales,corn-dough pork chili tomato,Mexican,90
Massaman Curry,beef potato peanut coconut onion,Thai,45
Bruschetta,bread tomato basil garlic olive-oil,Italian,15
Masala Chai,tea milk cardamom ginger cinnamon sugar,Indian,15
Char Siu,pork honey soy garlic five-spice,Chinese,60
Salsa Verde,tomatillo cilantro onion garlic lime,Mexican,15
Basil Fried Rice,rice egg basil garlic chili soy,Thai,15
Lasagna,pasta beef tomato cheese bechamel,Italian,75
Rogan Josh,lamb tomato onion yogurt spice,Indian,60
Wonton Soup,pork shrimp wrapper broth ginger scallion,Chinese,30
Churros,flour butter egg sugar cinnamon,Mexican,30
Larb,chicken lime mint chili onion fish-sauce,Thai,20
Caprese Salad,tomato mozzarella basil olive-oil,Italian,10
Pav Bhaji,potato tomato onion butter pav,Indian,35
Egg Fried Rice,rice egg soy onion carrot pea,Chinese,15
Tostadas,tortilla bean cheese lettuce tomato,Mexican,20
Papaya Salad,papaya tomato lime peanut chili fish-sauce,Thai,15
Cacio e Pepe,pasta cheese pepper butter,Italian,20
Vindaloo,pork vinegar onion garlic chili spice,Indian,60
Scallion Pancake,flour scallion oil sesame,Chinese,25
Pozole,pork hominy onion chili oregano,Mexican,90
Khao Pad,rice egg soy garlic onion tomato,Thai,15
Gnocchi Pomodoro,gnocchi tomato basil garlic cheese,Italian,30
Rajma,kidney-bean tomato onion garlic ginger,Indian,50
Red Bean Soup,red-bean sugar coconut ginger,Chinese,40
Tamale Pie,beef cornbread bean tomato chili cheese,Mexican,45
Panaeng Curry,chicken coconut peanut lime kaffir,Thai,30
Osso Buco,veal tomato wine onion carrot celery,Italian,90
Dhokla,chickpea-flour yogurt mustard turmeric,Indian,30
Bok Choy Stir Fry,bok-choy garlic oyster soy ginger,Chinese,15
Taco Salad,beef lettuce tomato cheese tortilla-chip,Mexican,20
Khao Soi,noodle chicken coconut curry lime,Thai,40
Ribollita,bread bean kale tomato onion rosemary,Italian,60
Idli Sambar,rice lentil tomato onion mustard,Indian,30
Sesame Noodles,noodle sesame soy garlic ginger cucumber,Chinese,15
Chile Relleno,pepper beef cheese egg tomato,Mexican,45
Crying Tiger,beef lime chili fish-sauce shallot,Thai,25
Frittata,egg cheese spinach onion pepper,Italian,25
Upma,semolina onion mustard curry-leaf cashew,Indian,20
Malatang,tofu mushroom noodle broth spice,Chinese,30
Enfrijoladas,bean tortilla cheese onion cream,Mexican,25
Kha Nom Chin,noodle fish-sauce coconut vegetable lime,Thai,30
Pesto Pasta,pasta basil pine-nut parmesan garlic,Italian,20
Uttapam,rice-batter onion tomato chili coriander,Indian,20
Lion Head Meatball,pork cabbage soy ginger egg broth,Chinese,45
Huevos Rancheros,egg tortilla salsa bean cheese,Mexican,20
Satay,chicken peanut lemongrass soy lime,Thai,30
Pizza Bianca,dough ricotta garlic olive-oil rosemary,Italian,30
Kofta Curry,beef onion tomato yogurt spice,Indian,45
Steamed Fish,fish ginger soy scallion sesame,Chinese,20
Birria,beef chili onion tomato oregano,Mexican,90
Laab,pork mint lime chili onion rice,Thai,20
Puttanesca,pasta tomato olive caper anchovy,Italian,25
Aloo Paratha,wheat potato onion cumin coriander butter,Indian,30
Char Kway Teow,noodle shrimp egg bean-sprout soy,Chinese,20
Quesabirria,beef tortilla cheese onion lime,Mexican,40
Tod Mun,fish red-curry bean egg oil,Thai,25
Focaccia,dough olive-oil rosemary salt,Italian,45
Saag Paneer,spinach paneer onion garlic cream,Indian,35
Turnip Cake,turnip rice-flour sausage shrimp scallion,Chinese,40
Sopas,pasta chicken milk sausage carrot,Mexican,30
Khao Tom,rice pork ginger fish-sauce egg,Thai,20
Arancini,rice cheese tomato breadcrumb egg,Italian,45
Dosa Masala,rice-batter potato onion mustard chili,Indian,25
Congee,rice pork ginger scallion egg,Chinese,40
Flautas,tortilla chicken cheese cream,Mexican,30
Pad Krapao,pork basil egg chili garlic soy,Thai,15
Risotto Milanese,rice saffron onion wine parmesan butter,Italian,40
Palak Dal,spinach lentil onion tomato cumin,Indian,35
Snow Fungus Soup,snow-fungus pear rock-sugar wolfberry,Chinese,40
Chilaquiles,tortilla-chip egg salsa cheese cream,Mexican,20
Yam Nua,beef cucumber tomato onion lime chili,Thai,20
Gnocchi Gorgonzola,gnocchi gorgonzola cream walnut sage,Italian,25
Baingan Bharta,eggplant tomato onion garlic coriander,Indian,35
Claypot Rice,rice chicken mushroom sausage soy ginger,Chinese,40
Mole Chicken,chicken chocolate chili tomato onion spice,Mexican,90
Kanom Krok,coconut rice-flour sugar egg scallion,Thai,25
Sarde in Saor,sardine onion raisin pine-nut vinegar,Italian,30
Halwa,semolina sugar butter cardamom cashew,Indian,25
Zha Jiang Mian,noodle pork bean-paste cucumber soy garlic,Chinese,30
Tres Leches,cake milk cream sugar egg vanilla,Mexican,45
Kai Jeow,egg fish-sauce oil scallion,Thai,10
Panzanella,bread tomato cucumber onion basil vinegar,Italian,20
Kheer,rice milk sugar cardamom saffron,Indian,40
Char Siu Bao,pork hoisin bun soy garlic honey,Chinese,45
Pozole Verde,pork tomatillo hominy cilantro onion,Mexican,90
Yam Som O,pomelo shrimp coconut lime peanut chili,Thai,20
Torta Caprese,chocolate almond butter egg sugar,Italian,50
Momos,dough chicken onion ginger garlic coriander,Indian,40
Dan Dan Noodles,noodle pork sesame soy chili garlic,Chinese,25
Sopapillas,flour butter sugar honey cinnamon,Mexican,25
Gaeng Keow Wan,chicken eggplant coconut basil pepper,Thai,30
Vitello Tonnato,veal tuna caper mayo lemon,Italian,30
Tandoori Chicken,chicken yogurt spice lemon garlic ginger,Indian,50
Har Gow,shrimp wrapper bamboo ginger scallion,Chinese,35
Camarones al Mojo,shrimp garlic lime butter cilantro,Mexican,20
Khanom Buang,egg crepe coconut sugar shrimp,Thai,30
Acqua Pazza,fish tomato garlic olive-oil parsley,Italian,25
Prawn Masala,shrimp tomato onion coconut garlic,Indian,30
Hot and Sour Soup,tofu mushroom bamboo vinegar egg soy,Chinese,25
Cochinita Pibil,pork orange lime garlic achiote,Mexican,90
Gaeng Som,fish shrimp tomato eggplant tamarind,Thai,30
Ribollita Toscana,bean kale bread carrot onion tomato,Italian,60
Rasam,tomato tamarind pepper garlic mustard,Indian,20
Turnip Stew,turnip pork soy ginger scallion,Chinese,35
Sopa de Lima,chicken lime tortilla onion tomato,Mexican,30
Yam Woon Sen,noodle shrimp pork onion lime chili,Thai,20
Pasta e Fagioli,pasta bean tomato rosemary garlic,Italian,40
Methi Chicken,chicken fenugreek onion tomato garlic,Indian,45
Ma Po Eggplant,eggplant pork bean-paste soy garlic,Chinese,25
Arroz con Leche,rice milk cinnamon sugar vanilla,Mexican,30
Tom Saap,pork rib lemongrass lime mushroom chili,Thai,40
Arista,pork rosemary garlic fennel olive-oil wine,Italian,90
Chicken Keema,chicken pea onion tomato garlic ginger,Indian,30
Sichuan Wontons,pork wrapper chili soy garlic sesame,Chinese,30
Aguachile,shrimp lime cucumber onion cilantro chili,Mexican,15
Penang Curry,chicken potato coconut shallot curry-paste,Thai,35
Saltimbocca,veal ham sage butter wine,Italian,25
Prawn Biryani,shrimp rice onion saffron yogurt,Indian,50
Zongzi,rice pork mushroom chestnut bamboo-leaf,Chinese,90
Tamale de Rajas,pepper cheese corn-dough cream,Mexican,75
Boat Noodles,beef noodle broth basil bean-sprout blood,Thai,30
Carbonara,pasta egg guanciale cheese pepper,Italian,25
Kadhi Pakora,yogurt gram-flour onion mustard curry,Indian,40
Eight Treasure Congee,rice barley bean peanut date wolfberry,Chinese,50
Capirotada,bread piloncillo cheese peanut raisin,Mexican,45
Gaeng Massaman Nua,beef peanut coconut onion potato cardamom,Thai,50
Farrotto,farro mushroom onion wine parmesan,Italian,40
Pongal,rice lentil ghee pepper cumin ginger,Indian,25
Stinky Tofu,tofu cabbage chili scallion fermented,Chinese,20
Sopa Azteca,tortilla chicken tomato chili cream cheese,Mexican,30
Khanom Jeen Nam Ya,noodle fish coconut lemongrass shallot,Thai,35
Pappardelle Ragu,pasta beef wine tomato rosemary celery,Italian,60
Sindhi Curry,potato drumstick tomato tamarind besan,Indian,40
Preserved Egg Porridge,rice preserved-egg pork scallion ginger,Chinese,25
Caldo de Res,beef carrot potato corn cabbage cilantro,Mexican,60
Jok,rice pork egg ginger scallion fish-sauce,Thai,30
Pizzoccheri,buckwheat-pasta potato cabbage cheese butter,Italian,40
Dalma,lentil vegetable tomato onion coconut,Indian,35
Three Cup Chicken,chicken soy sesame basil garlic ginger,Chinese,30
Menudo,tripe hominy chili onion oregano lime,Mexican,120
Nam Tok Nua,beef lime mint shallot chili rice,Thai,20
Pasta al Forno,pasta beef tomato cheese bechamel,Italian,60
Dhansak,lentil lamb pumpkin tomato spice,Indian,60
Twice Cooked Pork,pork cabbage bean-paste soy pepper,Chinese,30
Sopa de Fideo,noodle tomato onion garlic chicken-broth,Mexican,20
Gang Jued,pork tofu noodle cabbage broth pepper,Thai,20
Ribollita Minestra,bean spinach onion carrot bread tomato,Italian,50
Bhindi Masala,okra tomato onion garlic cumin,Indian,25
Turnip Pork Rib Soup,pork rib turnip ginger scallion salt,Chinese,50
Champurrado,chocolate corn milk piloncillo cinnamon,Mexican,20
Gaeng Phed,duck coconut chili tomato basil,Thai,35
Risotto al Barolo,rice wine onion parmesan butter beef-broth,Italian,40
Kosha Mangsho,lamb onion tomato yogurt ginger spice,Indian,60
Chicken Chow Mein,noodle chicken onion cabbage soy carrot,Chinese,20
Cocido Mexicano,beef chickpea carrot potato cabbage corn,Mexican,90
Khao Kluk Kapi,rice shrimp-paste egg mango onion lime,Thai,25
Bagna Cauda,garlic anchovy butter olive-oil cream,Italian,25
Fish Amritsari,fish gram-flour onion garlic ginger ajwain,Indian,30
Beef Noodle Soup,beef noodle broth bok-choy soy spice,Chinese,60
Arroz Verde,rice poblano cilantro onion garlic,Mexican,25
Rad Na,noodle beef broth gravy egg broccoli,Thai,25
Boscaiola,pasta sausage mushroom cream onion,Italian,30
Laal Maas,lamb chili onion garlic yogurt,Indian,60
Century Egg Tofu,tofu egg scallion soy sesame,Chinese,10
Mole Negro,turkey chocolate chili banana spice,Mexican,120
Krapao Moo,pork basil chili garlic egg soy,Thai,15
Ragù alla Napoletana,beef tomato onion celery carrot wine,Italian,90
Pesarattu,moong-dal rice onion ginger chili,Indian,20
Steamed Egg,egg broth soy scallion sesame,Chinese,20
Tamale de Frijoles,bean corn-dough chili onion,Mexican,60
Yam Talay,seafood lime chili lemongrass onion,Thai,20
Pasta al Pistacchio,pasta pistachio cream garlic lemon,Italian,20
Murgh Musallam,chicken onion tomato egg yogurt spice,Indian,60
Suan Cai Yu,fish sauerkraut chili garlic ginger,Chinese,30
Tlayudas,tortilla bean cheese meat asiento,Mexican,30
Som Tum Pu,crab papaya tomato lime peanut chili,Thai,15
Acquacotta,bread egg tomato celery onion,Italian,35
Haleem,wheat lamb onion ginger garlic spice,Indian,90
Braised Peanuts,peanut soy five-spice garlic star-anise,Chinese,50
Michelada,beer lime tomato hot-sauce salt,Mexican,10
Khanom Pang Na Goong,bread shrimp coriander garlic egg,Thai,25
Grilled Polenta,polenta parmesan mushroom butter thyme,Italian,35
Chhole Bhature,chickpea flour onion tomato garlic spice,Indian,50
Wonton Noodle Soup,pork shrimp noodle broth bok-choy,Chinese,30
Ceviche,fish lime onion cilantro tomato chili,Mexican,20
Khao Niao Mamuang,rice mango coconut sugar sesame,Thai,25
Farro Soup,farro bean vegetable onion rosemary,Italian,45
Pesaran,lentil rice onion carrot cumin,Indian,30
Bitter Melon Stir Fry,bitter-melon pork egg soy garlic black-bean,Chinese,20
Elote,corn lime cheese chili butter mayo,Mexican,15
Kaeng Kari,chicken potato coconut carrot curry-paste,Thai,35
Orecchiette Broccoli Rabe,pasta broccoli-rabe garlic chili anchovy,Italian,25
Nihari,beef onion ginger garlic flour spice,Indian,90
Winter Melon Soup,winter-melon pork ginger scallion salt,Chinese,35
Sopa de Tortilla,tortilla tomato onion garlic cream cheese,Mexican,25
Pla Kapong Neung,fish lime garlic chili broth,Thai,25
Pasta ai Funghi,pasta mushroom cream garlic parsley,Italian,25
Shahi Tukda,bread cream milk saffron sugar cardamom,Indian,30
Chinese Broccoli Oyster,broccoli oyster soy garlic ginger,Chinese,15
Tamale de Elote,corn sugar butter egg cream,Mexican,45
Pad Med Mamuang,chicken cashew pepper onion soy garlic,Thai,20
Saltimbocca Romano,chicken ham sage butter white-wine,Italian,25
Khandvi,chickpea-flour yogurt mustard sesame curry,Indian,30
Jellyfish Salad,jellyfish cucumber sesame soy vinegar,Chinese,20
Guajillo Chicken,chicken guajillo onion garlic orange,Mexican,40
Nam Prik Ong,tomato pork chili shrimp-paste garlic,Thai,25
Ribollita al Pesto,bean kale bread carrot basil pine-nut,Italian,55
Murmura,puffed-rice onion tomato chili coriander,Indian,10
Glutinous Rice Chicken,rice chicken mushroom soy scallion,Chinese,60
Caldo Tlalpeño,chicken chickpea chipotle epazote carrot,Mexican,45
Pad Pak,vegetable oyster soy garlic chili,Thai,10
Minestrone,pasta bean tomato carrot zucchini basil,Italian,40
Kadala Curry,chickpea coconut onion tomato mustard,Indian,40
Fish Ball Noodle,fish-ball noodle bok-choy broth soy,Chinese,20
Chiles en Nogada,pepper beef walnut cream pomegranate,Mexican,60
Koi Soi,beef blood chili broth noodle scallion,Thai,35
Pasta alla Norma,pasta eggplant tomato ricotta basil,Italian,30
Nawabi Korma,chicken almond cream onion saffron,Indian,50
Pork Chop Rice,rice pork soy garlic egg,Chinese,25
Sopa de Albondigas,meatball carrot tomato onion cilantro,Mexican,40
Khanom Chin Nam Prik,noodle pork chili coconut lemongrass,Thai,30
Coniglio all'Ischitana,rabbit tomato wine onion rosemary,Italian,60
Poha,flattened-rice onion mustard turmeric peanut,Indian,15
Steamed Pork Ribs,rib black-bean garlic chili soy,Chinese,35
Frijoles Charros,bean pork bacon onion chili tomato,Mexican,50
Miang Kham,spinach coconut peanut shrimp onion lime,Thai,20
Scaloppine al Marsala,veal marsala mushroom butter flour,Italian,25
Bhuni Khichdi,rice lentil onion cumin ghee tomato,Indian,30
Pork Belly Bun,pork bun soy hoisin cucumber scallion,Chinese,40
Pozole Rojo,pork hominy chili garlic onion cumin,Mexican,90
Gaeng Keow Wan Nuea,beef eggplant coconut basil lime,Thai,35
Pasta con le Sarde,pasta sardine raisin pine-nut fennel,Italian,30
Uttapam Masala,rice-batter cheese onion pepper tomato,Indian,20
Taro Cake,taro rice-flour mushroom sausage scallion,Chinese,40
Tamale Verde,pork tomatillo chili cilantro corn-dough,Mexican,75
Tom Som Pla,fish tamarind lemongrass galangal lime,Thai,25
Pasta al Tartufo,pasta truffle cream butter parmesan,Italian,20
Sev Puri,puffed-rice chutney potato onion yogurt,Indian,15
Har Gow Cheung Fun,shrimp rice-roll soy hoisin sesame,Chinese,30
Mole Amarillo,chicken pepper tomato tomatillo corn,Mexican,60
Gaeng Pa,pork bamboo-shoot kaffir chili eggplant,Thai,30
Pappardelle Cinghiale,pasta boar tomato wine rosemary,Italian,70
Egg Bhurji,egg onion tomato chili coriander,Indian,15
Smoked Tea Duck,duck tea smoke scallion ginger soy,Chinese,90
Sopa de Flor,zucchini-flower chicken cream cheese,Mexican,30
Yam Ma Kheua Yao,eggplant shrimp lime chili fish-sauce,Thai,20
Linguine alle Vongole,pasta clam garlic wine parsley,Italian,20
Jeera Rice,rice cumin bay ghee onion,Indian,20
Beggar's Chicken,chicken mushroom bamboo lotus-leaf soy,Chinese,90
Chilpachole,crab tomato chipotle epazote onion,Mexican,40
Khao Mok Gai,rice chicken curry turmeric onion,Thai,40
Fettuccine al Ragù,pasta beef tomato carrot onion wine,Italian,55
Crab Curry,crab coconut tomato onion garlic,Indian,40
Chrysanthemum Soup,chrysanthemum pork tofu ginger scallion,Chinese,20
Capirotada Seca,bread sugar cinnamon raisin cheese,Mexican,40
Gaeng Nor Mai,bamboo-shoot pork coconut chili kaffir,Thai,30
Pesto alla Genovese,basil pine-nut parmesan garlic olive-oil,Italian,10
Pulao,rice pea carrot onion spice ghee,Indian,30
Black Bean Soup,black-bean pork garlic soy five-spice,Chinese,45
Chiles Toreados,pepper onion soy lime salt,Mexican,15
Hor Mok Talay,seafood coconut egg red-curry lemongrass,Thai,35
Scaloppine al Limone,veal lemon butter caper parsley,Italian,20
Kachori,flour lentil pepper cumin oil,Indian,30
Turnip Shortrib Braise,shortrib turnip soy star-anise ginger,Chinese,60
Sopa de Res,beef carrot onion tomato potato cilantro,Mexican,60
Khao Yam,rice herb coconut shrimp-paste lime,Thai,20
Pasta alla Boscaiola,pasta mushroom sausage cream onion,Italian,30
Hyderabadi Biryani,rice lamb saffron onion yogurt spice,Indian,75
Lotus Root Stir Fry,lotus-root pork soy garlic ginger,Chinese,20
Tamale de Rajas con Queso,pepper cheese corn-dough cream onion,Mexican,70
Gang Kari Gai,chicken coconut potato curry onion carrot,Thai,35
Risotto al Nero,rice squid-ink shrimp onion wine butter,Italian,40
Shakshuka,egg tomato pepper onion garlic cumin,Indian,25
Nian Gao,glutinous-rice sugar sesame oil egg,Chinese,40
Albondigas Soup,meatball tomato carrot potato zucchini,Mexican,40
Tom Klong Pla,fish tamarind onion lemongrass chili,Thai,25
Grigliata Mista,chicken sausage pepper onion mushroom oil,Italian,35
Fish Curry Coconut,fish coconut tomato onion mustard,Indian,30
Suancai Fish,fish sauerkraut chili garlic ginger tofu,Chinese,30
Puerco en Adobo,pork chili vinegar onion garlic oregano,Mexican,50
Yam Khai Dao,egg tomato shallot chili lime fish-sauce,Thai,15
Gnudi,ricotta spinach egg parmesan butter,Italian,30
Banana Leaf Fish,fish coconut banana-leaf turmeric chili,Indian,35
Dongpo Pork,pork soy wine sugar scallion ginger,Chinese,90
Enchiladas Suizas,tortilla chicken cream tomatillo cheese,Mexican,35
Yam Hua Plee,banana-blossom shrimp coconut lime chili,Thai,25
Paccheri al Sugo,pasta beef tomato wine basil garlic,Italian,45
Dal Makhani,lentil butter cream tomato garlic ginger,Indian,60
Pork Blood Tofu,pork blood tofu scallion soy chili,Chinese,20
Tortas Ahogadas,pork roll tomato chili onion,Mexican,30
Kaeng Tai Pla,fish-entrails bamboo potato bean eggplant,Thai,40
Carbonara di Zucca,pasta pumpkin guanciale cream egg,Italian,30
Gobi Manchurian,cauliflower egg cornflour soy garlic ginger,Indian,30
Snake Bean Salad,snake-bean shrimp coconut lime peanut chili,Chinese,15
Camarones en Chipotle,shrimp chipotle cream onion garlic,Mexican,20
Khanom Jeen Sao Nam,noodle pineapple coconut shrimp ginger,Thai,30
Tagliatelle al Ragù,pasta beef pork tomato wine carrot,Italian,60
Pesarattu Upma,moong-dal semolina onion ginger cashew,Indian,25
Tofu Braised Pork,pork tofu soy dark-soy sugar garlic,Chinese,40
Camarones a la Diabla,shrimp guajillo chipotle garlic tomato,Mexican,25
Pad Pak Bung,morning-glory garlic chili oyster soy,Thai,10
Tagliolini al Tartufo,pasta truffle butter parmesan,Italian,20
Sindhi Sai Bhaji,spinach chickpea tomato onion potato,Indian,40
Sautéed Pea Shoots,pea-shoot garlic oil soy salt,Chinese,10
Sopa de Papas,potato onion tomato cream cilantro,Mexican,25
Pla Muek Yang,squid lime chili garlic fish-sauce,Thai,20
Pasta con Piselli,pasta pea pancetta onion parmesan,Italian,25
Kozhikodan Biryani,rice chicken coconut onion spice,Indian,60
Steamed Egg Custard,egg broth soy sesame scallion,Chinese,25
Chiles en Vinagre,pepper vinegar garlic onion carrot oregano,Mexican,30
Gai Yang,chicken lemongrass garlic coriander soy,Thai,30
Cozze al Pomodoro,mussel tomato garlic wine parsley,Italian,25
Paneer Bhurji,paneer onion tomato pepper cumin,Indian,20
Hakka Noodles,noodle cabbage carrot soy garlic vinegar,Chinese,20
Mixiote,lamb maguey-leaf guajillo onion garlic,Mexican,90
Moo Yang,pork soy garlic oyster honey lemongrass,Thai,30
Tripe alla Romana,tripe tomato mint garlic pecorino,Italian,60
Kadai Paneer,paneer pepper tomato onion garlic cream,Indian,30
Dan Bao Fan,rice egg tomato soy garlic scallion,Chinese,20
Barbacoa,beef lime onion chili garlic cumin,Mexican,90
Chicken Pad Woon Sen,noodle chicken mushroom egg soy,Thai,20
Cinghiale in Umido,boar onion carrot celery wine tomato,Italian,80
Muttai Kulambu,egg tomato onion coconut garlic,Indian,25
Salted Fish Fried Rice,rice salted-fish egg soy scallion,Chinese,15
Chuletas de Puerco,pork onion garlic lime cumin oregano,Mexican,30
Pla Tod Rad Prik,fish chili garlic soy lime,Thai,25
Pasta ai Carciofi,pasta artichoke garlic lemon olive-oil,Italian,30
Chicken Chettinad,chicken onion tomato coconut spice,Indian,45
Salt and Pepper Squid,squid salt pepper garlic chili scallion,Chinese,20
Chicharrones en Salsa,pork-skin tomato chili garlic onion,Mexican,20
Yam Phak Boong Fai Daeng,morning-glory egg oyster garlic chili,Thai,15
Trofie al Pesto,pasta basil pine-nut parmesan potato,Italian,20
Amritsari Kulcha,wheat onion tomato potato butter,Indian,30
Shrimp Dumpling,shrimp wrapper bamboo-shoot sesame ginger,Chinese,35
Sopa Tarasca,bean tomato chili cream cheese tortilla,Mexican,30
Khao Tom Goong,rice shrimp ginger garlic fish-sauce,Thai,25
Pasta Capricciosa,pasta olive mushroom ham artichoke,Italian,25
Keema Matar,beef pea onion tomato garlic ginger,Indian,35
Eggplant Garlic Sauce,eggplant garlic soy vinegar scallion,Chinese,20
Tamale de Chipilín,chip-herb corn-dough cheese cream,Mexican,60
Gaeng Liang,vegetable shrimp peppercorn basil,Thai,25
Farro e Fagioli,farro bean onion rosemary garlic tomato,Italian,50
Chicken 65,chicken egg chili garlic ginger curry,Indian,30
Maofan,pork rice egg scallion soy,Chinese,15
Camarones al Ajillo,shrimp garlic butter wine lime,Mexican,20
Gai Pad Khing,chicken ginger mushroom soy scallion,Thai,15
Bigoli al Torchio,pasta sardine onion oil wine,Italian,30
Dahi Puri,puri yogurt potato chutney chili,Indian,15
Ants Climbing Tree,noodle pork bean-paste soy ginger scallion,Chinese,20
Pollo en Pepian,chicken pepita chili tomatillo onion,Mexican,45
Pla Kapong Pad Cha,fish chili basil kaffir lime galangal,Thai,20
Rigatoni all'Amatriciana,pasta guanciale tomato onion cheese,Italian,30
Masoor Dal,lentil onion tomato garlic cumin,Indian,30
Soup Dumplings,pork wrapper gelatin scallion ginger soy,Chinese,40
Huauzontles,herb egg cheese tomato chili oil,Mexican,35
Yam Kua Chai,chive egg shrimp soy lime chili,Thai,15
Gnocchi alla Sorrentina,gnocchi tomato mozzarella basil,Italian,30
Paya Soup,trotter onion garlic ginger spice,Indian,90
Glutinous Rice Stuffed Lotus,lotus-root glutinous-rice brown-sugar,Chinese,50
Enchiladas Mole,tortilla chicken mole cheese cream,Mexican,40
Khao Pad Krapao,rice egg pork basil garlic chili,Thai,15
Insalata di Mare,seafood lemon garlic parsley olive-oil,Italian,25
Bombay Sandwich,bread tomato onion cucumber chutney butter,Indian,10
Preserved Egg Congee,rice preserved-egg ginger scallion oil,Chinese,20
Birria de Chivo,goat chili onion tomato spice,Mexican,90
Khao Pad Sap Parod,rice pineapple shrimp egg cashew curry,Thai,20
Pasta e Patate,pasta potato onion rosemary parmesan,Italian,35
Medu Vada,lentil onion ginger chili oil,Indian,25
Braised Tofu,tofu soy sugar garlic scallion mushroom,Chinese,25
Carnitas,pork orange lime cumin garlic bay,Mexican,90
Laab Ped,duck lime chili onion mint rice,Thai,25
Pasta ai Gamberi,pasta shrimp garlic tomato parsley wine,Italian,25
Sambar Rice,rice lentil tomato drum-stick mustard,Indian,35
Smoked Plum Duck,duck plum soy ginger sugar,Chinese,60
Pollo a la Mexicana,chicken tomato onion pepper jalapeno,Mexican,30
Gaeng Phet Moo,pork coconut chili bamboo kaffir,Thai,30
Tortellini in Brodo,pasta beef broth parmesan,Italian,30
Malvani Chicken,chicken coconut onion tomato spice,Indian,45
Yellow Croaker Soup,fish tofu scallion ginger rice-wine,Chinese,25
Mole Rojo,pork tomato chili chocolate onion,Mexican,90
Pla Rad Prik,fish chili garlic oyster tamarind,Thai,25
Stracciatella,egg parmesan broth spinach nutmeg,Italian,20
Chicken Sukka,chicken coconut onion tomato spice,Indian,45
Braised Lion Head,pork cabbage egg soy ginger scallion,Chinese,45
Chiles Chipotles en Adobo,chipotle tomato onion vinegar garlic oregano,Mexican,20
Nam Ngiao,pork tomato noodle pork-blood shallot,Thai,40
Pasta con Broccoli,pasta broccoli garlic anchovy olive-oil,Italian,25
Bhindi Do Pyaza,okra onion tomato cumin coriander,Indian,25
Lotus Pork Rib Soup,pork-rib lotus soy ginger scallion,Chinese,50
Pozole Blanco,pork hominy onion oregano lime garlic,Mexican,90
Yam Pak Gard,cabbage pork shrimp lime chili fish-sauce,Thai,15
Tortelloni di Ricotta,pasta ricotta spinach egg butter sage,Italian,35
Bhapa Doi,yogurt cream sugar cardamom saffron,Indian,20
Bitter Melon Soup,bitter-melon pork ginger scallion salt,Chinese,30
Mariscos en Salsa,seafood tomato onion chili garlic,Mexican,35
Khanom Buang Yuan,crepe shrimp egg coconut scallion,Thai,25
Sfincione,dough tomato anchovy onion oregano caciocavallo,Italian,45
Mutton Pepper Fry,lamb pepper onion garlic ginger coconut,Indian,45
Red Braised Pork,pork soy sugar scallion ginger star-anise,Chinese,60
Chilpachole de Jaiba,crab tomato chipotle onion garlic,Mexican,40
Gaeng Kari Goong,shrimp coconut potato curry onion,Thai,30
Pennette al Salmone,pasta salmon cream dill garlic,Italian,20
Gongura Mutton,lamb sorrel onion tomato garlic,Indian,50
Braised Chicken Feet,chicken-feet soy bean-paste sugar garlic,Chinese,50
Tamale de Carne,beef tomato chili onion corn-dough,Mexican,75
Yam Tua Ploo,wing-bean shrimp coconut lime chili,Thai,15
Risotto ai Funghi Porcini,rice porcini onion wine parmesan cream,Italian,40
Dum Aloo,potato yogurt onion tomato spice,Indian,35
Sichuan Beef,beef chili garlic soy cumin celery,Chinese,25
Birria de Borrego,lamb chili onion garlic tomato spice,Mexican,90
Laab Gai,chicken lime chili mint onion rice,Thai,20
Pasta alla Carrettiera,pasta tuna tomato olive caper anchovy,Italian,20
Appam Stew,rice-batter coconut vegetable onion spice,Indian,30
Stir Fried Clam,clam black-bean garlic chili scallion,Chinese,15
Camarones en Mole Verde,shrimp tomatillo cilantro onion pepita,Mexican,30
Tom Yum Goong,shrimp lemongrass lime chili kaffir mushroom,Thai,20
Penne al Pesto Rosso,pasta sun-dried-tomato basil pine-nut garlic,Italian,20
Chicken Ghee Roast,chicken ghee garlic ginger tomato spice,Indian,40
Spicy Beef Tendon,tendon chili bean-paste soy garlic,Chinese,90
Sopa de Lentejas,lentil onion tomato carrot cilantro,Mexican,35
Yam Makeua Yao,eggplant pork shrimp lime onion chili,Thai,20
Pasta al Prosciutto,pasta ham cream pea butter parmesan,Italian,20
Avial,vegetable coconut yogurt turmeric curry,Indian,30
Red Bean Paste Bun,flour red-bean sugar oil yeast,Chinese,40
Huevos con Chorizo,egg chorizo onion pepper tomato,Mexican,15
Gaeng Mussaman,lamb peanut coconut potato onion,Thai,45
Bucatini all'Amatriciana,pasta guanciale tomato pecorino wine,Italian,30
Lemon Coriander Soup,lemon broth coriander pepper garlic,Indian,20
Taro Braised Pork,pork taro soy sugar garlic scallion,Chinese,50
Camarones al Mango,shrimp mango lime chili butter,Mexican,20
Larb Talay,seafood lime chili mint onion fish-sauce,Thai,20
Pasta al Granchio,pasta crab garlic wine tomato parsley,Italian,25
Pesarattu Dosa,moong-dal rice ginger chili,Indian,20
Seaweed Egg Soup,egg seaweed scallion ginger sesame,Chinese,15
Sopa de Elote,corn cream onion cheese chicken-broth,Mexican,20
Khanom Khrok,coconut rice-flour egg sugar scallion,Thai,25
Bigoli con l'Anatra,pasta duck onion wine rosemary,Italian,40
Rava Ladoo,semolina sugar ghee coconut cashew,Indian,20
Silken Tofu Cold,tofu scallion soy sesame chili oil,Chinese,10
Pozole de Mariscos,seafood hominy chili lime onion tomato,Mexican,50
Khao Pad Kung,rice shrimp egg soy onion tomato,Thai,15
Insalata Caprese,tomato mozzarella basil olive-oil salt,Italian,10
Karimeen Pollichathu,fish coconut banana-leaf onion spice,Indian,35
Pork and Preserved Egg Congee,rice pork preserved-egg scallion ginger,Chinese,30
Tacos de Barbacoa,beef lime onion cilantro tortilla,Mexican,30
Gai Pad Mamuang,chicken cashew pepper onion soy garlic,Thai,20
Pasta con Tonno,pasta tuna tomato olive caper,Italian,20
Bisi Bele Bath,rice lentil vegetable ghee spice,Indian,40
Stir Fried Lotus Root,lotus-root pork garlic soy ginger,Chinese,20
Tacos de Canasta,bean potato sausage tortilla,Mexican,20
Yam Phak Kachet,water-mimosa shrimp lime chili coconut,Thai,15
Pasta al Cavolfiore,pasta cauliflower garlic anchovy bread-crumb,Italian,25
Egg Curry,egg onion tomato coconut garlic spice,Indian,25
Scrambled Egg Shrimp,shrimp egg scallion soy oil,Chinese,10
Empanadas,dough beef onion tomato egg olive,Mexican,40
Pla Rad Khing,fish ginger garlic soy mushroom scallion,Thai,20
Pasta ai Broccoli e Salsiccia,pasta broccoli sausage garlic onion,Italian,25
Prawn Koliwada,shrimp flour onion garlic ginger spice,Indian,25
Bitter Melon Stuffed,bitter-melon pork egg soy garlic black-bean,Chinese,30
Sopa de Verduras,carrot potato onion celery tomato broth,Mexican,30
Tom Saap Gae,lamb lemongrass galangal lime chili,Thai,40
Pasta Fredda,pasta olive tomato cucumber feta basil,Italian,15
Aam Panna,mango sugar cumin mint,Indian,15
Chinese Broccoli with Beef,broccoli beef oyster soy ginger garlic,Chinese,20
Tamale Oaxaqueño,corn-dough pork mole banana-leaf,Mexican,90
Pad Neua,beef basil garlic chili soy oyster,Thai,15
Pasta al Nero di Seppia,pasta squid-ink cream garlic wine,Italian,25
Ambur Biryani,rice chicken tomato onion spice,Indian,60
Stir Fried Pumpkin,pumpkin garlic soy scallion egg,Chinese,15
Carnitas de Res,beef orange lime garlic cumin bay,Mexican,90
Gaeng Hung Lay,pork ginger peanut curry tamarind,Thai,45
Pasta con le Cozze,pasta mussel garlic wine tomato parsley,Italian,25
Doi Ilish,hilsa yogurt mustard onion turmeric,Indian,30
Stir Fried String Bean,string-bean pork garlic soy chili,Chinese,15
Sopa de Pimiento,pepper onion cream garlic tomato,Mexican,25
Khanom Chin Sao Nam,noodle pineapple coconut shrimp ginger,Thai,25
Spaghetti alle Vongole,pasta clam garlic wine parsley,Italian,20
Chicken Cafreal,chicken coriander pepper garlic lime coconut,Indian,40
Winter Solstice Dumplings,pork ginger scallion wrapper cabbage soy,Chinese,40
Enchiladas de Mole,tortilla turkey mole cheese cream,Mexican,45
Yam Som O Koong,pomelo shrimp coconut lime peanut,Thai,20
Pasta con Ricotta,pasta ricotta tomato basil garlic,Italian,20
Alleppey Fish Curry,fish coconut tomato onion mustard,Indian,35
Red Braised Tofu,tofu soy sugar garlic scallion ginger,Chinese,25
Birria de Pollo,chicken chili onion tomato garlic,Mexican,60
Gaeng Phet Gai,chicken coconut chili kaffir basil,Thai,30
Pasta ai Gamberi e Zucchine,pasta shrimp zucchini garlic lemon,Italian,25
Gobi Paratha,wheat cauliflower onion cumin coriander,Indian,30
Stir Fried Broccoli,broccoli garlic oyster soy carrot,Chinese,15
Chicharrón en Salsa Verde,pork-skin tomatillo cilantro onion garlic,Mexican,20
Khao Pad Kai,rice egg onion soy tomato scallion,Thai,15
Pasta all'Uovo,pasta egg yolk butter parmesan,Italian,20
Masala Chai Cake,flour egg milk cardamom cinnamon ginger,Indian,45
Braised Mushroom Tofu,mushroom tofu oyster soy garlic ginger,Chinese,25
Tacos de Suadero,beef tortilla onion cilantro lime,Mexican,30
Laab Moo,pork lime mint chili onion rice-flour,Thai,20
Pasta con Funghi Trifolati,pasta mushroom garlic parsley olive-oil,Italian,20
Pudina Paratha,wheat mint onion garlic butter,Indian,25
Steamed Bun Pork,pork soy ginger scallion bun sugar,Chinese,40
Tacos Dorados,tortilla potato cheese cream onion,Mexican,25
Yam Khuay,banana shrimp coconut lime chili,Thai,15
Pasta al Cinghiale,pasta boar tomato wine garlic rosemary,Italian,60
Misal Pav,sprout onion tomato chili pav,Indian,30
Braised Duck Feet,duck-feet soy star-anise ginger sugar,Chinese,50
Birria Tacos,beef tortilla onion cilantro lime cheese,Mexican,40
Pla Thod Pad Prik,fish chili garlic oyster soy,Thai,20
Spaghetti al Pesto,pasta basil pine-nut parmesan garlic,Italian,15
Thakkali Rasam,tomato tamarind pepper garlic mustard,Indian,20
Corn Soup,corn egg broth scallion starch,Chinese,20
Menudo Blanco,tripe hominy onion garlic oregano,Mexican,90
Gaeng Keow Wan Goong,shrimp coconut eggplant basil kaffir,Thai,25
Rigatoni alla Carbonara,pasta egg guanciale cheese pepper,Italian,25
Fish Tikka,fish yogurt garlic ginger turmeric chili,Indian,30
Pea Shoots Garlic,pea-shoot garlic oil salt,Chinese,10
Sopa de Frijoles Negros,black-bean onion garlic cumin cream,Mexican,35
Tom Yum Hed,mushroom lemongrass lime chili galangal,Thai,20
Pasta alla Crudaiola,pasta tomato basil garlic olive-oil mozzarella,Italian,15
Murgh Saag,chicken spinach onion tomato cream,Indian,40
Golden Needle Mushroom,enoki mushroom scallion soy garlic chili,Chinese,15
Tacos de Pollo en Salsa Verde,chicken tomatillo onion garlic tortilla,Mexican,30
Yam Hed Khon,mushroom lime chili shallot fish-sauce,Thai,15
Risotto ai Gamberi,rice shrimp onion wine butter cream,Italian,35
Parsi Dhansak,lentil mutton pumpkin tomato onion,Indian,60
Braised Beef Brisket,brisket soy turnip garlic star-anise,Chinese,90
Tamale de Rajas y Queso,pepper cheese corn-dough onion cream,Mexican,60
Gaeng Keow Wan Ped,duck eggplant coconut basil chili,Thai,35
Pasta al Limone,pasta lemon cream butter parmesan,Italian,15
Egg Dum,egg onion tomato yogurt ghee spice,Indian,30
Cantonese Steam Chicken,chicken ginger scallion soy sesame,Chinese,30
Sopa de Fideos Secos,noodle tomato onion garlic chili,Mexican,20
Pla Kapong Nueng Manao,fish lime garlic chili broth scallion,Thai,25
Pasta con Zucchine,pasta zucchini garlic cream lemon,Italian,20
Bebinca,coconut egg sugar flour ghee,Indian,50
Nuo Mi Fan,glutinous-rice chicken sausage mushroom soy,Chinese,40
Tacos de Carne Asada,beef tortilla onion cilantro lime,Mexican,20
Yam Woon Sen Talay,noodle seafood lime chili onion,Thai,20
Pasta ai Cipollotti,pasta spring-onion anchovy garlic olive-oil,Italian,20
Kashmiri Rogan Josh,lamb tomato onion yogurt saffron spice,Indian,60
Lotus Leaf Wrapped Rice,rice chicken mushroom sausage lotus-leaf,Chinese,50
Elotes Asados,corn mayo lime chili cheese butter,Mexican,15
Khao Tom Moo,rice pork ginger fish-sauce scallion,Thai,20
Pasta con Bottarga,pasta bottarga garlic olive-oil parsley,Italian,15
Chicken Mulligatawny,chicken lentil onion tomato curry,Indian,35
Pineapple Fried Rice,rice pineapple shrimp egg curry cashew,Chinese,20
Mole Coloradito,pork tomato chili raisin sesame onion,Mexican,90
Khanom Pang Sangkaya,bread coconut egg sugar,Thai,20
Pasta ai Peperoni,pasta pepper onion sausage tomato,Italian,25
Fish Molee,fish coconut milk onion tomato pepper,Indian,30
Turnip Radish Soup,radish pork ginger scallion salt,Chinese,30
Pollo en Salsa Roja,chicken tomato onion garlic chili,Mexican,35
Gaeng Ped Pla,fish coconut chili kaffir basil,Thai,25
Pasta col Cavolfiore,pasta cauliflower anchovy garlic saffron,Italian,25
Prawn Curry Kerala,shrimp coconut onion tomato mustard,Indian,30
Preserved Egg Cucumber,cucumber preserved-egg garlic sesame vinegar,Chinese,15
Tacos de Lengua,beef-tongue tortilla onion cilantro lime,Mexican,40
Pla Tod Kamin,fish turmeric garlic salt lime,Thai,20
Pasta ai Fagiolini,pasta green-bean tomato garlic basil,Italian,20
Malabar Prawn Curry,shrimp coconut onion tomato tamarind,Indian,30
Turnip Cake Stir Fry,turnip-cake egg soy scallion chili,Chinese,15
Pozole de Pollo,chicken hominy onion chili lime garlic,Mexican,60
Khao Pad Moo,rice pork egg soy onion scallion,Thai,15
Pasta al Forno di Magro,pasta sardine tomato fennel bread-crumb,Italian,35
Gunpowder Dosa,rice-batter sesame peanut chili garlic,Indian,25
Steamed Glutinous Rice,glutinous-rice pork mushroom sausage soy,Chinese,40
Camarones en Caldo,shrimp tomato onion garlic cilantro,Mexican,25
Yam Ma Kheua,eggplant pork shrimp lime chili,Thai,20
Pasta al Pomodoro Crudo,pasta tomato basil garlic olive-oil,Italian,15
Thatte Idli,rice lentil onion ginger mustard,Indian,20
Stir Fried Beef Pepper,beef pepper onion soy garlic oyster,Chinese,20
Sopa de Pasta,pasta tomato onion garlic chicken-broth,Mexican,20
Gaeng Om,chicken herb shallot fish-sauce rice,Thai,30
Risotto al Pomodoro,rice tomato onion basil parmesan butter,Italian,35
Crab Masala Kerala,crab coconut onion tomato pepper,Indian,40
Pork Intestine Soup,pork-intestine ginger scallion soy salt,Chinese,40
Camarones Enchilados,shrimp chili garlic tomato onion,Mexican,20
Yam Nuea Tok,beef mint lime chili shallot,Thai,20
Pasta alle Acciughe,pasta anchovy garlic olive-oil caper,Italian,15
Naatu Kozhi Kuzhambu,chicken onion tomato coconut spice,Indian,45
Crispy Noodle Beef,noodle beef oyster garlic ginger onion,Chinese,25
Tacos de Tripa,tripe tortilla onion cilantro lime,Mexican,35
Khanom Jeen Nam Prik,noodle fish-sauce chili coconut vegetable,Thai,25
Pasta ai Frutti di Mare,pasta seafood garlic wine tomato parsley,Italian,30
Chettinad Prawn,shrimp coconut onion tomato spice,Indian,35
Braised Sea Cucumber,sea-cucumber pork soy ginger scallion,Chinese,60
Pozole Verde de Pollo,chicken tomatillo hominy cilantro onion,Mexican,60
Yam Nuea,beef tomato cucumber onion lime chili,Thai,20
Pasta al Tonno Piccante,pasta tuna chili garlic tomato caper,Italian,20
Aloo Matar,potato pea onion tomato cumin,Indian,25
Stir Fried Kai Lan,kai-lan garlic oyster soy ginger,Chinese,10
Sopa de Pollo,chicken carrot onion celery cilantro rice,Mexican,35
Khao Pad Sapparod,rice pineapple shrimp cashew egg soy,Thai,20
Pasta Puttanesca al Baccalà,pasta salt-cod olive caper tomato chili,Italian,30
Kadhi,yogurt gram-flour onion mustard curry ginger,Indian,30
Stir Fried Chinese Spinach,spinach garlic soy oyster,Chinese,10
Chilpachole Verde,shrimp tomatillo cilantro garlic onion,Mexican,30
Tom Kha Hed,mushroom coconut lemongrass lime galangal,Thai,20
Pasta Primavera,pasta asparagus pea cherry-tomato garlic,Italian,20
Chettinad Chicken,chicken onion tomato coconut pepper,Indian,45
Char Siu Pork Belly,pork-belly honey soy garlic five-spice,Chinese,60
Camarones en Agua Chile,shrimp cucumber lime chili cilantro onion,Mexican,15
Gaeng Phet Gae,lamb coconut chili kaffir basil,Thai,35
Pasta ai Porcini,pasta porcini cream garlic parsley,Italian,25
Egg Hoppers,egg rice-batter coconut oil,Indian,20
Malt Sugar Crisp,flour malt-sugar sesame oil,Chinese,30
Tacos de Nopales,cactus tortilla onion cilantro lime cheese,Mexican,20
Yam Khao Pod,corn shrimp lime chili onion,Thai,15
Pasta con Rucola,pasta arugula tomato parmesan garlic,Italian,15
Bhapa Ilish,hilsa mustard coconut banana-leaf turmeric,Indian,30
Steamed Stuffed Bitter Melon,bitter-melon pork egg soy garlic,Chinese,30
Sopa de Tortilla Roja,tortilla tomato chili onion cream,Mexican,25
Tom Yum Kai,chicken lemongrass lime chili mushroom,Thai,20
Pasta al Pesto Trapanese,pasta almond tomato basil garlic,Italian,20
Malabari Parotta,wheat butter egg oil,Indian,30
Tofu Cabbage Soup,tofu cabbage ginger scallion broth salt,Chinese,20
Pozole Guerrerense,pork hominy chili radish lime onion,Mexican,90
Khao Kluk Kapi Moo,rice shrimp-paste pork mango onion lime,Thai,25
Pasta ai Calamaretti,pasta squid garlic wine chili parsley,Italian,25
Thengai Rice,rice coconut onion mustard curry-leaf,Indian,20
Celtuce Salad,celtuce sesame vinegar soy garlic chili,Chinese,10
Camarones en Tamarindo,shrimp tamarind chili garlic onion,Mexican,25
Gaeng Kua Sapparod,pineapple shrimp coconut chili kaffir,Thai,30
Pasta alla Vesuviana,pasta tomato olive caper garlic mozzarella,Italian,25
Karahi Gosht,lamb pepper onion tomato garlic ginger,Indian,45
Stir Fried Chinese Celery,celery pork garlic soy chili,Chinese,15
Sopa Azteca de Frijoles,bean tortilla chili onion cream cheese,Mexican,30
Yam Hed,mushroom lime chili onion mint,Thai,15
Pasta alle Noci,pasta walnut cream garlic parsley,Italian,15
Moong Dal Halwa,moong-dal sugar ghee cardamom,Indian,40
Stir Fried Clams with Black Bean,clam black-bean garlic chili scallion,Chinese,15
Tacos de Suadero y Longaniza,sausage beef tortilla onion cilantro,Mexican,30
Pla Meuk Pad Krapao,squid basil garlic chili soy oyster,Thai,15
Pasta Caprese Calda,pasta tomato mozzarella basil olive-oil,Italian,20
Chicken Chettinad Pepper,chicken pepper coconut onion tomato,Indian,45
Pork Lung Soup,pork-lung carrot radish ginger scallion,Chinese,50
Nopales en Salsa,cactus tomato onion chili garlic cilantro,Mexican,20
Pad Cha Talay,seafood galangal kaffir chili garlic basil,Thai,20
Pasta al Ragù Bianco,pasta pork cream wine onion celery,Italian,45
Mutton Chops Masala,lamb pepper onion garlic ginger tomato,Indian,45
Asparagus Stir Fry,asparagus garlic soy oyster ginger,Chinese,15
Caldo de Pollo con Verduras,chicken carrot zucchini onion potato cilantro,Mexican,40
Khao Man Gai,rice chicken garlic cucumber ginger soy,Thai,40
Pasta ai Piselli e Pancetta,pasta pea pancetta onion parmesan,Italian,20
Chicken Stew Koorma,chicken yogurt nut onion spice cream,Indian,45
Crispy Garlic Pork,pork garlic soy sugar five-spice,Chinese,30
Tacos Norteños,beef onion tomato pepper salsa tortilla,Mexican,25
Yam Takrai,lemongrass shrimp lime chili onion,Thai,15
Pasta con Olive e Capperi,pasta olive caper tomato garlic basil,Italian,20
Pesarattu Allam Pachadi,moong-dal ginger chili sesame,Indian,20
Stuffed Lotus Root,lotus-root glutinous-rice soy sugar,Chinese,45
Chorizo con Papas,sausage potato onion pepper tomato,Mexican,25
Pad Kai Khem,egg pork salt oil scallion,Thai,15
Spaghetti ai Ricci di Mare,pasta sea-urchin garlic olive-oil parsley,Italian,20
Allam Chutney,ginger coconut chili onion,Indian,10
Braised Spare Rib,pork-rib soy sugar garlic ginger star-anise,Chinese,60
Tostadas de Pollo,tortilla chicken lettuce tomato cream,Mexican,20
Gaeng Hang Lay,pork curry ginger peanut tamarind,Thai,45
Pasta al Pomodoro Arrosto,pasta roasted-tomato garlic basil olive-oil,Italian,30
Prawn Moilee,shrimp coconut onion turmeric pepper,Indian,25
Pork Stomach Soup,pork-stomach pepper garlic salt,Chinese,50
Sopa de Cebolla,onion broth cheese crouton cream,Mexican,30
Yam Sam Oh,pomelo shrimp peanut lime coconut,Thai,20
Pasta ai Ceci,pasta chickpea rosemary garlic tomato,Italian,30
Bheja Masala,brain onion tomato garlic ginger chili,Indian,30
Lotus Root Soup,lotus-root pork ginger scallion salt,Chinese,40
Tacos de Chilorio,pork chili onion cilantro tortilla,Mexican,30
Pla Meuk Pad Nam Prik Phao,squid pepper garlic soy oyster onion,Thai,15
Pasta con Polpette,pasta meatball tomato garlic onion basil,Italian,40
Goan Fish Curry,fish coconut tomato onion tamarind,Indian,35
Stir Fried Shrimp Paste Vegetables,vegetable shrimp-paste garlic chili soy,Chinese,15
Tacos de Milanesa,breaded-beef tortilla onion lettuce tomato,Mexican,25
Khao Pad Moo Krob,rice crispy-pork egg soy onion,Thai,20
Pasta al Forno Vegetariana,pasta tomato zucchini eggplant mozzarella,Italian,45
Kokum Curry,kokum coconut onion garlic ginger,Indian,25
Braised Chicken Wings,wings soy sugar garlic ginger scallion,Chinese,35
Birria Quesatacos,beef tortilla cheese onion cilantro lime,Mexican,40
Gaeng Fak Thong,pumpkin pork coconut chili garlic,Thai,25
Pasta alle Sarde Fresche,pasta sardine tomato raisin pine-nut,Italian,30
Jeera Aloo,potato cumin onion garlic coriander,Indian,20
Corn Pork Rib Soup,pork-rib corn carrot ginger scallion,Chinese,50
Sopa de Mora,berry onion cream lemon garlic,Mexican,25
Pad Cha Gai,chicken galangal kaffir garlic chili,Thai,20
Pasta ai Broccoletti,pasta broccoli-rabe garlic chili sausage,Italian,25
Kerala Prawn,shrimp coconut curry onion tomato,Indian,30
Pumpkin Soup,pumpkin ginger garlic onion cream,Chinese,25
Tamale Rojos de Puerco,pork chili tomato corn-dough,Mexican,75
Khao Niao Dam,black-sticky-rice coconut milk sugar,Thai,30
Pasta ai Pomodorini,pasta cherry-tomato basil garlic olive-oil,Italian,15
Thandai,milk almond fennel cardamom pepper sugar,Indian,15
Steamed Sea Bass,fish scallion ginger soy sesame,Chinese,20
Sopa de Nopalitos,cactus egg tomato onion cilantro,Mexican,20
Gaeng Kiaw Wan Talay,seafood coconut eggplant basil kaffir,Thai,30
Pasta alla Carnesecca,pasta bacon onion tomato wine,Italian,25
Chepala Pulusu,fish tomato onion tamarind garlic,Indian,35
Chicken Velvet Soup,chicken egg white broth starch scallion,Chinese,20
Chorizo Verde,sausage cilantro pepper tomatillo onion,Mexican,30
Khanom Kleeb Lamduan,flour coconut sugar egg cardamom,Thai,30
Pasta con Pesce Spada,pasta swordfish caper olive tomato garlic,Italian,25
Cholar Dal,split-pea coconut onion ginger garlic bay,Indian,35
Egg Tart,pastry egg milk sugar vanilla cream,Chinese,30
Mole de Olla,beef chili carrot potato corn epazote,Mexican,60
Yam Phak Kachet Talay,water-mimosa seafood lime chili coconut,Thai,20
Pasta ai Gamberi e Limone,pasta shrimp lemon garlic cream parsley,Italian,20
Mutton Biryani,rice lamb onion saffron yogurt spice,Indian,75
Steamed Pork Dumpling,pork cabbage ginger scallion wrapper soy,Chinese,30
Tamale de Dulce,corn-dough raisin coconut sugar butter,Mexican,45
Khao Dom Mud,banana glutinous-rice coconut sugar,Thai,25
Pasta al Salmone Affumicato,pasta smoked-salmon cream dill lemon,Italian,20
Palak Gosht,spinach lamb onion tomato garlic ginger,Indian,50
Pork Chitterlings,pork-intestine ginger garlic vinegar soy,Chinese,50
Nopales con Huevo,cactus egg onion tomato chili,Mexican,15
Gaeng Phet Moo Krob,crispy-pork coconut chili kaffir basil,Thai,25
Pasta al Formaggio,pasta cheese butter cream pepper,Italian,15
Kheema Paratha,wheat beef onion spice coriander butter,Indian,30
Stir Fried Radish Cake,radish-cake egg soy scallion chili,Chinese,15
Tamale de Pollo en Salsa Verde,chicken tomatillo corn-dough cilantro,Mexican,75
Yam Tamarind,tamarind shrimp peanut onion chili,Thai,15
Pasta Fredda al Pesto,pasta basil pine-nut tomato olive,Italian,15
Konkani Fish Curry,fish coconut tomato onion mustard,Indian,30
Braised Oxtail,oxtail soy star-anise ginger scallion,Chinese,90
Sopa de Tortilla Blanca,tortilla chicken cream onion garlic,Mexican,25
Tom Jead Woon Sen,noodle pork mushroom broth scallion,Thai,20
Pasta con Fave,pasta fava-bean pancetta garlic onion,Italian,25
Avocado Egg Toast,avocado egg bread lemon salt,American,10
Blueberry Pancakes,flour egg milk butter blueberry maple,American,20
BBQ Pulled Pork,pork bbq-sauce onion garlic vinegar,American,90
Clam Chowder,clam potato cream onion celery butter,American,35
Buffalo Wings,chicken hot-sauce butter garlic vinegar,American,30
Mac and Cheese,pasta cheese milk butter flour,American,25
Meatloaf,beef egg onion breadcrumb ketchup,American,75
Coleslaw,cabbage carrot mayo vinegar sugar,American,10
Cornbread,cornmeal flour egg milk butter,American,25
Chicken Pot Pie,chicken carrot pea onion cream pastry,American,45
Banana Bread,banana flour egg butter sugar vanilla,American,55
Biscuits and Gravy,flour butter milk sausage pepper onion,American,25
Key Lime Pie,lime cream egg condensed-milk pastry,American,30
Grilled Cheese,bread cheese butter,American,10
Tuna Casserole,tuna pasta cream mushroom pea cheese,American,45
Philly Cheesesteak,beef cheese onion pepper roll,American,25
New England Lobster Roll,lobster mayo celery lemon roll,American,20
Deviled Eggs,egg mayo mustard paprika vinegar,American,15
Apple Pie,apple flour butter sugar cinnamon egg,American,75
Pumpkin Soup Cream,pumpkin cream onion garlic nutmeg,American,30
Chicken Noodle Soup,chicken noodle carrot onion celery,American,35
Blueberry Muffin,flour egg butter blueberry sugar milk,American,30
Eggs Benedict,egg ham muffin hollandaise lemon,American,25
Corn Dog,sausage cornmeal egg milk oil,American,20
Chili Con Carne,beef bean tomato chili onion garlic,American,45
Fried Chicken,chicken flour egg milk garlic pepper,American,35
Caesar Wrap,chicken lettuce parmesan wrap lemon mayo,American,15
Lobster Bisque,lobster cream onion celery butter wine,American,40
Smoked Brisket,beef salt pepper garlic smoke,American,120
Shakshuka American Style,egg tomato pepper onion feta bread,American,20
Waffle Chicken,chicken waffle maple-syrup butter egg,American,30
Texas BBQ Ribs,pork-rib bbq-sauce garlic onion brown-sugar,American,90
New York Cheesecake,cream-cheese egg sugar vanilla graham-cracker,American,60
Lobster Mac Cheese,lobster pasta cheese cream butter,American,40
Banana Foster,banana butter brown-sugar rum cinnamon ice-cream,American,15
Creamed Corn,corn cream butter onion sugar pepper,American,20
Sweet Potato Casserole,sweet-potato egg butter sugar marshmallow,American,45
Chocolate Lava Cake,chocolate butter egg flour sugar cream,American,20
Reuben Sandwich,rye-bread corned-beef sauerkraut swiss-cheese dressing,American,15
Loaded Baked Potato,potato cheese sour-cream bacon chive,American,60
Peach Cobbler,peach flour butter sugar cream,American,45
Green Bean Casserole,green-bean cream mushroom onion,American,35
Shrimp Boil,shrimp corn potato sausage crab-boil lemon,American,30
Jambalaya,rice shrimp sausage chicken tomato celery,American,45
Gumbo,shrimp sausage okra onion celery roux,American,60
Pot Roast,beef potato carrot onion garlic wine,American,90
Chicken Marsala,chicken mushroom marsala butter flour,American,30
Sloppy Joe,beef tomato onion pepper brown-sugar bun,American,25
Corn Chowder,corn potato cream onion celery bacon,American,35
Chicken Enchiladas American,chicken tortilla cream-cheese salsa cheese,American,35
Stuffed Bell Pepper,pepper beef rice tomato onion cheese,American,50
Beef Stroganoff,beef mushroom cream onion sour-cream noodle,American,30
Baked Ziti,pasta tomato sausage cheese ricotta basil,American,45
Spaghetti American,pasta beef tomato onion garlic,American,30
BLT Sandwich,bacon lettuce tomato bread mayo,American,10
Waldorf Salad,apple celery walnut mayo lettuce grape,American,10
Chicken Piccata,chicken lemon caper butter wine parsley,American,25
Corn Pudding,corn egg milk butter sugar flour,American,45
Fried Green Tomato,tomato cornmeal egg flour butter salt,American,20
Peanut Butter Cookie,flour peanut-butter butter egg sugar vanilla,American,25
Banana Split,banana ice-cream chocolate strawberry whipped-cream,American,10
Clams Casino,clam bacon pepper cheese butter garlic,American,25
Honey Glazed Ham,ham honey brown-sugar mustard clove,American,90
New England Pot Roast,beef potato carrot turnip onion broth,American,90
Monte Cristo Sandwich,bread ham turkey egg swiss-cheese oil,American,15
Pigs in Blanket,sausage pastry egg mustard,American,25
Chicken Tetrazzini,chicken pasta mushroom cream cheese butter,American,45
Hoppin John,black-eyed-pea rice bacon onion celery,American,40
Fried Catfish,catfish cornmeal egg garlic pepper oil,American,25
Lobster Thermidor,lobster cream butter mushroom mustard,American,35
Cranberry Sauce,cranberry orange sugar water cinnamon,American,20
Oyster Rockefeller,oyster spinach cream butter garlic cheese,American,25
Beef Chili,beef kidney-bean tomato chili cumin garlic,American,50
Pumpkin Pie,pumpkin egg cream cinnamon nutmeg pastry,American,60
S'mores Brownie,chocolate graham-cracker marshmallow butter egg,American,35
Chicken Salad,chicken mayo celery onion lemon,American,15
Southern Fried Okra,okra cornmeal egg butter salt,American,20
Bread Pudding,bread egg milk cream sugar vanilla,American,50
Hash Browns,potato onion butter egg salt,American,20
Açaí Bowl,açaí banana granola honey berry,American,10
Avocado Toast,avocado bread lemon garlic salt pepper,American,10
Shakshuka Feta,egg tomato onion feta garlic cumin,American,20
Turkey Sandwich,turkey bread mayo lettuce tomato avocado,American,10
Veggie Burger,bean onion pepper garlic egg breadcrumb,American,25
Lobster Bisque Cream,lobster cream potato onion wine celery,American,40
Chicken Wrap,chicken tortilla lettuce tomato avocado mayo,American,15
Mango Salsa,mango onion cilantro lime chili tomato,American,10
Borscht,beet potato carrot onion tomato cream,American,45
Shakshuka Green,egg spinach onion garlic pepper cumin,American,20
Grilled Salmon,salmon lemon garlic butter dill,American,20
Lobster Roll Warm,lobster butter celery lemon roll,American,20
Fried Shrimp,shrimp flour egg cornmeal garlic lemon,American,20
Catfish Stew,catfish tomato onion pepper celery,American,35
Oyster Stew,oyster cream butter onion celery,American,25
Chicken Fried Steak,beef egg flour milk gravy onion,American,30
Pimento Cheese Spread,cheese pimento mayo onion pepper,American,10
Buttermilk Biscuit,flour butter buttermilk salt baking-powder,American,25
Chicken and Waffles,chicken waffle maple-syrup egg butter,American,35
Watermelon Salad,watermelon feta mint lime cucumber,American,10
Beef Tacos American,beef tortilla cheese tomato onion,American,20
Pulled Chicken,chicken bbq-sauce onion garlic vinegar,American,60
Egg Salad,egg mayo mustard onion celery,American,15
Lobster Grilled,lobster butter lemon garlic parsley,American,20
Southern Pecan Pie,pecan egg corn-syrup butter sugar vanilla,American,60
Dirty Rice,rice sausage onion celery pepper garlic,American,30
Steak Diane,beef mushroom cream mustard cognac butter,American,25
Chicken Club Sandwich,chicken bacon lettuce tomato mayo bread,American,15
Churro Waffle,flour egg butter cinnamon sugar vanilla,American,25
Boston Cream Pie,cake cream custard chocolate,American,60
Grilled Corn,corn butter lime chili cheese,American,15
Chicken Bacon Ranch,chicken bacon cheese ranch tortilla,American,20
Peanut Butter Banana Toast,peanut-butter banana bread honey,American,10
Smoked Salmon Bagel,salmon bagel cream-cheese onion caper lemon,American,10
Fried Chicken Sandwich,chicken bun mayo pickle butter,American,25
Cobb Salad,chicken egg avocado bacon tomato lettuce cheese,American,20
Shrimp Cocktail,shrimp cocktail-sauce lemon horseradish,American,15
Beef Wellington American,beef mushroom pastry onion egg,American,90
Blueberry Scone,flour butter blueberry egg cream sugar,American,30
Avocado Chicken Salad,chicken avocado lime onion cilantro,American,15
Sweet Potato Fries,sweet-potato oil salt pepper paprika,American,30
Grilled Asparagus,asparagus butter lemon garlic salt,American,15
Tomato Bisque,tomato cream onion garlic butter basil,American,25
Chicken Caesar Pasta,pasta chicken lettuce parmesan lemon mayo,American,20
Bacon Wrapped Scallop,scallop bacon butter lemon garlic,American,20
Pork Belly Slider,pork-belly bun pickle coleslaw mayo,American,30
Honey Butter Cornbread,cornmeal honey butter egg milk,American,25
Cheeseburger,beef bun cheese lettuce tomato onion,American,20
Mac and Cheese Lobster,lobster pasta gruyere cream butter,American,40
Steak Salad,beef arugula tomato parmesan lemon olive-oil,American,20
Chicken Quesadilla American,chicken tortilla cheese pepper salsa,American,20
Buffalo Cauliflower,cauliflower hot-sauce butter garlic breadcrumb,American,30
Blueberry French Toast,bread egg milk blueberry syrup butter,American,15
Steak Frites,beef potato butter garlic thyme,American,30
Spicy Tuna Bowl,tuna rice avocado sriracha soy cucumber,American,15
Crab Cake,crab egg mayo breadcrumb onion pepper,American,25
Lobster Pasta,lobster pasta cream garlic wine parsley,American,30
Chicken Parmesan,chicken tomato mozzarella parmesan egg breadcrumb,American,35
Turkey Meatball,turkey egg breadcrumb onion garlic tomato,American,30
Grilled Vegetable Sandwich,pepper zucchini onion bread cheese pesto,American,20
Stuffed Mushroom,mushroom cheese breadcrumb garlic onion butter,American,25
Garlic Bread,bread butter garlic parsley cheese,American,15
Banana Nut Bread,banana flour walnut egg butter sugar,American,55
Mango Smoothie Bowl,mango banana granola honey coconut,American,10
Chocolate Chip Cookie,flour butter egg sugar chocolate vanilla,American,25
Lemon Poppy Muffin,flour lemon egg butter milk sugar poppy,American,30
Overnight Oats,oat milk yogurt honey berry chia,American,10
Shakshuka with Chorizo,egg chorizo tomato onion pepper cumin,American,25
Breakfast Burrito,egg sausage cheese pepper onion tortilla,American,20
Huevos Rancheros American,egg tortilla salsa cheese avocado,American,20
Pancake Stack,flour egg milk butter maple banana,American,20
Granola Bowl,granola yogurt honey berry almond,American,10
French Dip Sandwich,beef bun onion broth swiss-cheese,American,25
California Burger,beef bun avocado bacon cheese lettuce,American,20
Korean Fried Chicken,chicken soy garlic ginger sesame chili,Korean,30
Bibimbap,rice egg vegetable beef gochujang sesame,Korean,30
Japchae,noodle beef spinach carrot mushroom soy sesame,Korean,25
Tteokbokki,rice-cake fish-cake gochujang onion scallion,Korean,20
Kimchi Jjigae,kimchi pork tofu onion gochujang scallion,Korean,30
Bulgogi,beef soy pear garlic sesame onion,Korean,25
Galbi,beef-rib soy garlic pear ginger sesame,Korean,30
Sundubu Jjigae,tofu pork mushroom onion egg gochujang,Korean,25
Doenjang Jjigae,soybean-paste tofu zucchini mushroom onion,Korean,25
Samgyeopsal,pork-belly garlic onion sesame kimchi lettuce,Korean,25
Jajangmyeon,noodle pork black-bean onion zucchini,Korean,30
Naengmyeon,buckwheat-noodle egg cucumber radish broth,Korean,20
Haemul Pajeon,pancake shrimp scallion egg flour,Korean,25
Seolleongtang,ox-bone scallion garlic salt noodle,Korean,90
Bossam,pork garlic ginger cabbage shrimp-paste,Korean,60
Gyeranmari,egg scallion carrot oil,Korean,10
Kimchi Bokkeumbap,rice kimchi pork egg scallion,Korean,15
Odeng Guk,fish-cake broth scallion soy daikon,Korean,15
Kongbap,rice black-bean barley sesame,Korean,25
Chap Chae,noodle beef mushroom spinach carrot soy,Korean,25
Gimbap,rice nori beef egg carrot spinach,Korean,30
Dakgalbi,chicken gochujang onion cabbage rice-cake,Korean,25
Budae Jjigae,sausage spam kimchi bean tofu instant-noodle,Korean,25
Hobak Juk,pumpkin rice water sugar salt,Korean,30
Doktorjuk,rice ginger sesame salt scallion,Korean,30
Ramyeon Korean,noodle pork egg scallion kimchi,Korean,15
Gopchang,intestine garlic sesame chili scallion,Korean,30
Maeuntang,fish tofu zucchini onion gochujang,Korean,25
Jeon,flour egg scallion shrimp onion,Korean,20
Haejang Guk,bone-broth cabbage radish scallion garlic bean,Korean,40
Dak Galbi,chicken gochujang onion cabbage scallion,Korean,25
Yuk Gae Jang,beef fern mushroom scallion egg chili,Korean,40
Korean BBQ Pork,pork onion garlic soy sesame gochujang,Korean,20
Sushi,rice nori fish avocado cucumber sesame,Japanese,30
Ramen,noodle pork broth egg nori scallion,Japanese,40
Tempura,shrimp vegetable flour egg soy dashi,Japanese,25
Miso Soup,miso tofu seaweed scallion dashi,Japanese,15
Teriyaki Chicken,chicken soy mirin sake sugar garlic,Japanese,25
Takoyaki,flour octopus egg scallion bonito mayo,Japanese,30
Onigiri,rice nori salmon sesame,Japanese,15
Okonomiyaki,flour egg cabbage pork shrimp bonito mayo,Japanese,30
Gyoza,pork cabbage garlic ginger wrapper soy,Japanese,25
Udon Noodle Soup,udon broth egg scallion fish-cake mushroom,Japanese,20
Soba Salad,soba cucumber carrot sesame soy mirin,Japanese,15
Karaage,chicken soy garlic ginger flour sesame,Japanese,25
Beef Donburi,beef rice egg onion soy mirin,Japanese,20
Tonkatsu,pork egg breadcrumb flour cabbage tonkatsu,Japanese,25
Chawanmushi,egg dashi shrimp mushroom mirin soy,Japanese,20
Sukiyaki,beef tofu mushroom onion scallion soy mirin,Japanese,30
Mochi,glutinous-rice sugar bean-paste,Japanese,30
Yakitori,chicken scallion soy mirin sugar,Japanese,20
Shabu Shabu,beef tofu vegetable mushroom broth ponzu,Japanese,25
Katsudon,pork egg rice onion soy mirin,Japanese,25
Zaru Soba,soba nori scallion soy mirin dashi,Japanese,15
Somen,noodle dashi soy mirin scallion,Japanese,10
Yaki Udon,udon pork vegetable soy sesame,Japanese,20
Tamago Gohan,rice egg soy sesame,Japanese,10
Matcha Ice Cream,matcha cream milk sugar egg,Japanese,30
Daifuku,glutinous-rice bean-paste sugar,Japanese,25
Chicken Katsu Curry,chicken breadcrumb onion carrot potato curry,Japanese,35
Shoyu Ramen,noodle pork soy broth scallion egg nori,Japanese,40
Hiyashi Chuka,noodle egg cucumber ham sesame soy,Japanese,20
Agedashi Tofu,tofu dashi soy mirin katakuriko scallion,Japanese,20
Oyakodon,chicken egg onion rice soy mirin,Japanese,20
Yakisoba,noodle pork cabbage carrot onion sauce,Japanese,20
Miso Glazed Salmon,salmon miso mirin soy sugar,Japanese,20
Tamago Sando,egg mayo bread sugar milk,Japanese,10
Nikujaga,beef potato onion carrot soy mirin,Japanese,35
Mentaiko Pasta,pasta cod-roe butter garlic lemon cream,Japanese,20
Chirashi Sushi,rice fish shrimp egg avocado cucumber,Japanese,20
Chanko Nabe,chicken tofu mushroom vegetable broth scallion,Japanese,35
Inari Sushi,rice tofu-pouch sesame sugar soy,Japanese,20
Hitsumabushi,eel rice dashi wasabi nori scallion,Japanese,30
Tamagoyaki,egg mirin soy sugar,Japanese,15
Kushiyaki,pork chicken scallion mushroom soy,Japanese,20
Dorayaki,pancake egg sugar flour bean-paste,Japanese,25
Paella,rice shrimp mussel chicken saffron onion,Spanish,45
Gazpacho,tomato cucumber pepper onion garlic olive-oil,Spanish,15
Tortilla Española,egg potato onion olive-oil,Spanish,30
Patatas Bravas,potato tomato chili garlic oil,Spanish,30
Croquetas,ham bechamel egg breadcrumb milk flour,Spanish,30
Churros Español,flour butter egg sugar oil,Spanish,25
Albondigas Español,beef pork onion tomato garlic egg,Spanish,40
Gambas al Ajillo,shrimp garlic olive-oil chili parsley,Spanish,15
Pimientos de Padrón,pepper olive-oil salt,Spanish,10
Fabada Asturiana,sausage bean chorizo paprika onion garlic,Spanish,90
Pulpo a la Gallega,octopus potato paprika olive-oil,Spanish,60
